<?xml version="1.0" encoding="UTF-8"?>
<product>
    <name>Personnalisation Talan Solutions</name>
    <version>
        <major>8</major>
        <minor>7</minor>
        <patch>0</patch>
        <build>20240606</build>
    </version>
    <dbmaxvarname>MAXUPG</dbmaxvarname>
    <dbscripts></dbscripts>
    <dbversion>V8700-96</dbversion>
    <lastdbversion>V8700-96</lastdbversion>
    <checklicense>0</checklicense>
    <extensions>
        <mboset objectname='PERSONGROUPTEAM'>fr.petroineos.app.persongroup.PersonGroupTeamExtSet</mboset>
        <mboset objectname='SR'>fr.petroineos.plusg.app.sr.PlusGSRExtSet</mboset>
        <mboset objectname='MASTERPM'>fr.petroineos.app.masterpm.MasterPMExtSet</mboset>
        <mboset objectname='LABORCRAFTRATE'>fr.petroineos.app.labor.LaborCraftRateExtSet</mboset>
        <mboset objectname='INVOICELINE'>fr.petroineos.app.invoice.InvoiceLineExtSet</mboset>
        <mboset objectname='WPMATERIAL'>fr.petroineos.app.workorder.PlusGWPMaterialExtSet</mboset>
        <mboset objectname='MATUSETRANS'>fr.petroineos.app.inventory.MatUseTransExtSet</mboset>
        <mboset objectname='WORKORDER'>fr.petroineos.plusg.app.workorder.PlusGWOExtSet</mboset>
        <mboset objectname='ASSET'>fr.petroineos.plusg.app.asset.PlusGAssetExtSet</mboset>
        <mboset objectname='LOCATIONS'>fr.petroineos.plusg.app.location.PlusGLocationExtSet</mboset>
        <mboset objectname='JOBPLAN'>fr.petroineos.app.jobplan.PlusGJobPlanExtSet</mboset>
        <mboset objectname='PM'>fr.petroineos.plusg.app.pm.PlusGPMExtSet</mboset>
        <mboset objectname='ITEM'>fr.petroineos.app.item.PlusGItemSetExt</mboset>
        <mboset objectname='SERVRECTRANS'>fr.petroineos.app.labor.ServRecTransExtSet</mboset>
        <mboset objectname='WOACTIVITY'>fr.petroineos.plusg.app.workorder.PlusGWOActivityExtSet</mboset>
        <mboset objectname='MULTIASSETLOCCI'>fr.petroineos.app.workorder.MultiAssetLocCIExtSet</mboset>
        <mboset objectname='REORDERITEMS'>fr.petroineos.app.inventory.virtual.ReorderItemsExtSet</mboset>
        <mboset objectname='PRLINE'>fr.petroineos.plusg.app.pr.PlusGPRLineExtSet</mboset>
        <mboset objectname='PO'>fr.petroineos.plusg.app.po.PlusGPOExtSet</mboset>
        <mboset objectname='RECEIPTINPUT'>fr.petroineos.app.po.virtual.ReceiptInputExtSet</mboset>
        <mboset objectname='MEASUREPOINT'>fr.petroineos.plusg.app.measurement.PlusGMeasurePointExtSet</mboset>
        <mboset objectname='MR'>fr.petroineos.app.mr.MRExtSet</mboset>
        <mboset objectname='MRLINE'>fr.petroineos.app.mr.MRLineExtSet</mboset>
        <mboset objectname='TOOLTRANS'>fr.petroineos.app.tool.ToolTransSetExt</mboset>
        <mboset objectname='CONSTRANSACTION'>fr.petroineos.app.invoice.virtual.ConsTransactionSetExt</mboset>
        <mboset objectname='CONTRACTLINE'>fr.petroineos.app.contract.ContractLineExtSet</mboset>
        <mboset objectname='JPFROMWOINPUT'>fr.petroineos.app.workorder.virtual.JPFromWOInputSetExt</mboset>
        <mboset objectname='PR'>fr.petroineos.plusg.app.pr.PlusGPRExtSet</mboset>
        <mboset objectname='PURCHVIEW'>fr.petroineos.app.contract.PurchViewExtSet</mboset>
        <mboset objectname='GROUPUSER'>fr.petroineos.app.signature.GroupUserExtSet</mboset>
        <mboset objectname='WFNOTIFICATION'>fr.petroineos.workflow.WFNotificationExtSet</mboset>
        <mboset objectname='MATRECTRANS'>fr.petroineos.app.inventory.MatRecTransExtSet</mboset>
        <mboset objectname='POLINE'>fr.petroineos.plusg.app.po.PlusGPOLineExtSet</mboset>
        <mboset objectname='REORDERPAD'>fr.petroineos.app.inventory.ReorderExtSet</mboset>
        <mboset objectname='SPAREPART'>fr.petroineos.app.asset.SparePartExtSet</mboset>
        <mboset objectname='INVUSE'>fr.petroineos.app.inventory.InvUseExtSet</mboset>
        <mboset objectname='INVUSELINE'>fr.petroineos.app.inventory.InvUseLineExtSet</mboset>
        <mboset objectname='MODDOWNTIMEHIST'>fr.petroineos.app.asset.virtual.ModDowntimeHistExtSet</mboset>
        <mboset objectname='FINCNTRL'>fr.petroineos.app.financial.FinControlExtSet</mboset>
        <mboset objectname='RFQ'>fr.petroineos.app.rfq.RFQExtSet</mboset>
        <mboset objectname='WFINSTANCE'>fr.petroineos.workflow.WFInstanceExtSet</mboset>
        <mboset objectname='INVOICE'>fr.petroineos.app.invoice.InvoiceSetExt</mboset>
        <mboset objectname='MAXUSER'>fr.petroineos.app.signature.MaxUserExtSet</mboset>
        <mboset objectname='PLUSGMOC'>fr.petroineos.plusg.app.workorder.PlusGMOCExtSet</mboset>
        <mboset objectname='PLUSGSHFTLOGENTRY'>fr.petroineos.plusg.app.plusglog.PlusGShiftLogEntryExtSet</mboset>
        <mboset objectname='JOBTASK'>fr.petroineos.app.jobplan.JobTaskExtSet</mboset>
        <mboset objectname='POFROMPRINPUT'>fr.petroineos.app.pr.virtual.POFromPRInputSetExt</mboset>
        <field objectname='PO' attributename='CONTRACTREFNUM'>fr.petroineos.app.common.purchasing.FldPurContractRefNumExt</field>
        <field objectname='MATRECTRANS' attributename='QUANTITY'>fr.petroineos.app.common.receipt.FldMatServQuantityExt</field>
        <field objectname='SR' attributename='OWNERGROUP'>fr.petroineos.app.sr.FldSROwnerGroup</field>
        <field objectname='WOACTIVITY' attributename='JOBTASKID'>fr.petroineos.plusg.app.workorder.FldJobtaskIdExt</field>
        <field objectname='SR' attributename='LOCATION'>fr.petroineos.app.sr.FldSRLoc</field>
        <field objectname='WORKORDER' attributename='FINCNTRLID'>fr.petroineos.app.arret.FldWOFinControlIDExt</field>
        <field objectname='PRLINE' attributename='ITEMNUM'>fr.petroineos.plusg.app.pr.PlusGFldPRLineItemNumExt</field>
        <field objectname='PURCHVIEW' attributename='CONTRACTTYPE'>fr.petroineos.app.contract.FldPurchViewContractTypeExt</field>
        <field objectname='SERVRECTRANS' attributename='CURRENCYLINECOST'>fr.petroineos.app.common.receipt.FldMatServCurrencyLineCostExt</field>
        <field objectname='JOBPLAN' attributename='OWNER'>fr.petroineos.app.jobplan.FldJobPlanOwnerExt</field>
        <field objectname='JOBPLAN' attributename='PERSONGROUP'>fr.petroineos.app.jobplan.FldJobPlanWorkGroupExt</field>
        <field objectname='SERVRECTRANS' attributename='QUANTITY'>fr.petroineos.app.common.receipt.FldMatServQuantityExt</field>
        <field objectname='JOBMATERIAL' attributename='LOCATION'>fr.petroineos.app.jobplan.FldJobMaterialLocationExt</field>
        <field objectname='CONTRACTLINE' attributename='ENTERBY'>fr.petroineos.app.common.purchasing.FldPurEnterByExt</field>
        <field objectname='ISSUECURRENTITEM' attributename='WONUM'>fr.petroineos.app.inventory.virtual.FldIssueCurrentItemWONumExt</field>
        <field objectname='POLINE' attributename='ORDERQTY'>fr.petroineos.plusg.app.po.FldLavPurOrderQty</field>
        <field objectname='PURCHVIEW' attributename='VENDOR'>fr.petroineos.app.common.purchasing.FldCommonContractVendorExt</field>
        <field objectname='WORKORDER' attributename='WOLO1'>fr.petroineos.plusg.app.workorder.PlusGFldUnite</field>
        <field objectname='PM' attributename='WORKTYPE'>fr.petroineos.app.pm.FldWorkTypeExt</field>
        <field objectname='PO' attributename='REQUIREDDATE'>fr.petroineos.plusg.app.po.FldLavRequiredDate</field>
        <field objectname='MATRECTRANS' attributename='ENTERBY'>fr.petroineos.app.inventory.FldMatRecTransEnterByExt</field>
        <field objectname='PRLINE' attributename='TAX1CODE'>fr.petroineos.app.po.FldTax1CodeExt</field>
        <field objectname='LABTRANS' attributename='GLDEBITACCT'>fr.petroineos.app.financial.FldLabTransPartialGLAccountExt</field>
        <field objectname='POLINE' attributename='ITEMNUM'>fr.petroineos.plusg.app.po.PlusGFldPOLineItemNumExt</field>
        <field objectname='WOACTIVITY' attributename='OWNERGROUP'>fr.petroineos.app.workorder.FldWOOwnerGroupExt</field>
        <field objectname='INVENTORY' attributename='VENDOR'>fr.petroineos.app.inventory.FldInventoryVendorExt</field>
        <field objectname='FINCNTRL' attributename='BUDGETID'>fr.petroineos.app.financial.FldLavBudgetId</field>
        <field objectname='WOOWNERHISTORY' attributename='OWNER'>fr.petroineos.plusg.app.workorder.FldWOOwnerHistOwner</field>
        <field objectname='LABORVIEW' attributename='VENDOR'>fr.petroineos.app.common.purchasing.FldCommonContractVendorExt</field>
        <field objectname='POLINE' attributename='COMMODITY'>fr.petroineos.app.common.purchasing.FldPurCommodityCodeExt</field>
        <field objectname='INVRESERVE' attributename='ITEMNUM'>fr.petroineos.app.inventory.FldInvReserveItemNumExt</field>
        <field objectname='SR' attributename='AFFECTEDDATE'>fr.petroineos.app.sr.FldSRAffectedDate</field>
        <field objectname='PRLINE' attributename='WONUM'>fr.petroineos.app.common.purchasing.FldPurWonumExt</field>
        <field objectname='POLINE' attributename='LINETYPE'>fr.petroineos.app.common.purchasing.FldPurLineTypeExt</field>
        <field objectname='PO' attributename='STATUS'>fr.petroineos.app.po.FldPOStatus</field>
        <field objectname='CONTRACTLINE' attributename='COMMODITYGROUP'>fr.petroineos.app.common.purchasing.FldPurCommodityGroupExt</field>
        <field objectname='PR' attributename='REQUIREDDATE'>fr.petroineos.plusg.app.pr.FldLavRequireDate</field>
        <field objectname='POLINE' attributename='FINCNTRLID'>fr.petroineos.app.common.purchasing.FldFinCntrlIdExt</field>
        <field objectname='POLINE' attributename='REFWO'>fr.petroineos.app.common.purchasing.FldPurRefWOExt</field>
        <field objectname='CONTRACTLINE' attributename='LINETYPE'>fr.petroineos.app.contract.FldContractLineLineTypeExt</field>
        <field objectname='WORKORDER' attributename='LOCATION'>fr.petroineos.plusg.app.workorder.FldWOLocExt</field>
        <field objectname='PO' attributename='VENDELIVERYDATE'>fr.petroineos.app.po.FldPOVendeliverydate</field>
        <field objectname='PRLINE' attributename='STORELOC'>fr.petroineos.app.common.purchasing.FldPurStorelocExt</field>
        <field objectname='PRLINE' attributename='CONTRACTREFNUM'>fr.petroineos.app.common.purchasing.FldPurLineContractRefNumExt</field>
        <field objectname='PM' attributename='OWNER'>fr.petroineos.plusg.app.workorder.FldWOOwnerExt</field>
        <field objectname='PERSONGROUPTEAM' attributename='RESPPARTYGROUP'>fr.petroineos.app.persongroup.FldRespPartyGroupExt</field>
        <field objectname='MATRECTRANS' attributename='CONVERSION'>fr.petroineos.app.inventory.FldMatRecTransConversionExt</field>
        <field objectname='SPHIMX_WO' attributename='FINCNTRLID'>fr.petroineos.app.arret.FldWOFinControlIDExt</field>
        <field objectname='WORKORDER' attributename='STATUS'>fr.petroineos.app.workorder.FldWOStatus</field>
        <field objectname='PM' attributename='LOCATION'>fr.petroineos.app.pm.FldPMLocationExt</field>
        <field objectname='PO' attributename='PO6'>fr.petroineos.plusg.app.po.FldLavPo6</field>
        <field objectname='WORKORDER' attributename='ASSETNUM'>fr.petroineos.plusg.app.workorder.PlusGFldWOAssetNumExt2</field>
        <field objectname='WORKORDER' attributename='WORKTYPE'>fr.petroineos.app.arret.PlusGFldWorkTypeExt</field>
        <field objectname='PR' attributename='PR6'>fr.petroineos.plusg.app.pr.FldLavPr6</field>
        <field objectname='TOOLTRANS' attributename='GLDEBITACCT'>fr.petroineos.app.financial.FldToolTransPartialGLAccountExt</field>
        <field objectname='POLINE' attributename='TAX1CODE'>fr.petroineos.app.po.FldTax1CodeExt</field>
        <field objectname='JOBMATERIAL' attributename='ITEMNUM'>fr.petroineos.app.jobplan.FldJobMaterialItemNumExt</field>
        <field objectname='WPMATERIAL' attributename='ITEMQTY'>fr.petroineos.app.workorder.FldWpMatItemqtyExt</field>
        <field objectname='MRLINE' attributename='ITEMNUM'>fr.petroineos.app.mr.FldMRLineItemnumExt</field>
        <field objectname='MRLINE' attributename='STORELOC'>fr.petroineos.app.mr.FldMrLineStorelocExt</field>
        <field objectname='CONTRACTLINE' attributename='COMMODITY'>fr.petroineos.app.common.purchasing.FldPurCommodityCodeExt</field>
        <field objectname='PRLINE' attributename='ISSUE'>fr.petroineos.app.pr.FldPrlineIssueExt</field>
        <field objectname='PM' attributename='WOSTATUS'>fr.petroineos.app.pm.FldPMWoStatusExt</field>
        <field objectname='SPHIMX_WO' attributename='WORKTYPE'>fr.petroineos.app.arret.PlusGFldWorkTypeExt</field>
        <field objectname='SPHIMX_WO_PLANIFIE' attributename='LOCATION'>fr.petroineos.plusg.app.workorder.FldWOLocExt</field>
        <field objectname='SPHIMX_WO' attributename='REPORTEDBY'>fr.petroineos.plusg.app.workorder.FldWOReportedByExt</field>
        <field objectname='SPHIMX_WO_PLANIFIE' attributename='WORKTYPE'>fr.petroineos.app.arret.PlusGFldWorkTypeExt</field>
        <field objectname='SPHIMX_WO_PLANIFIE' attributename='JPNUM'>fr.petroineos.plusg.app.workorder.PlusGFldWOJobPlanExt</field>
        <field objectname='SPHIMX_WO_PLANIFIE' attributename='REPORTEDBY'>fr.petroineos.plusg.app.workorder.FldWOReportedByExt</field>
        <field objectname='SPHIMX_WO' attributename='OWNERGROUP'>fr.petroineos.app.workorder.FldWOOwnerGroupExt</field>
        <field objectname='SPHIMX_WO' attributename='OWNER'>fr.petroineos.plusg.app.workorder.FldWOOwnerExt</field>
        <field objectname='SPHIMX_WO' attributename='LOCATION'>fr.petroineos.plusg.app.workorder.FldWOLocExt</field>
        <field objectname='SPHIMX_WO' attributename='ASSETNUM'>fr.petroineos.plusg.app.workorder.PlusGFldWOAssetNumExt2</field>
        <field objectname='SPHIMX_WO' attributename='JPNUM'>fr.petroineos.plusg.app.workorder.PlusGFldWOJobPlanExt</field>
        <field objectname='SPHIMX_WO_PLANIFIE' attributename='OWNERGROUP'>fr.petroineos.app.workorder.FldWOOwnerGroupExt</field>
        <field objectname='SPHIMX_WO_PLANIFIE' attributename='OWNER'>fr.petroineos.plusg.app.workorder.FldWOOwnerExt</field>
        <field objectname='SR' attributename='OWNER'>fr.petroineos.app.sr.FldSROwner</field>
        <field objectname='ITEM' attributename='COMMODITY'>fr.petroineos.app.item.FldItemCommodityCodeExt</field>
        <field objectname='PO' attributename='PONUM'>fr.petroineos.plusg.app.po.FldLavPonum</field>
        <field objectname='FINCNTRL' attributename='PROJECTTYPE'>fr.petroineos.app.financial.FldLavProjectType</field>
        <field objectname='MR' attributename='REQUIREDDATE'>fr.petroineos.plusg.app.mr.FldLavMRRequiredDate</field>
        <field objectname='MATRECTRANS' attributename='UNITCOST'>fr.petroineos.app.inventory.FldMatRecTransUnitCostExt</field>
        <field objectname='INVTRANS' attributename='GLCREDITACCT'>fr.petroineos.app.financial.FldInvTransGLCreditAcct</field>
        <field objectname='ITEM' attributename='COMMODITYGROUP'>fr.petroineos.app.item.FldItemCommodityGrpExt</field>
        <field objectname='POLINE' attributename='ENTERBY'>fr.petroineos.app.common.purchasing.FldPurEnterByExt</field>
        <field objectname='DOCLINKS' attributename='DOCTYPE'>fr.petroineos.app.doclink.FldDoctypeExt</field>
        <field objectname='RECEIPTINPUT' attributename='QTYREQUESTED'>fr.petroineos.app.po.virtual.FldReceiptInputQtyRequested</field>
        <field objectname='PO' attributename='VENDOR'>fr.petroineos.app.po.FldVendor</field>
        <field objectname='GLCOMPONENTS' attributename='COMPVALUE'>fr.petroineos.app.financial.FldGLCompCompValueExt</field>
        <field objectname='MATRECTRANS' attributename='CURRENCYLINECOST'>fr.petroineos.app.common.receipt.FldMatServCurrencyLineCostExt</field>
        <field objectname='POLINE' attributename='CONTRACTREFNUM'>fr.petroineos.app.common.purchasing.FldPurLineContractRefNumExt</field>
        <field objectname='POLINE' attributename='COMMODITYGROUP'>fr.petroineos.app.common.purchasing.FldPurCommodityGroupExt</field>
        <field objectname='MEASUREPOINT' attributename='ULPMNUM'>fr.petroineos.app.measurement.FldMeasurePointPMNumExt</field>
        <field objectname='ISSUECURRENTITEM' attributename='TOSITEID'>fr.petroineos.app.inventory.virtual.FldIssueCurrentItemToSiteIdExt</field>
        <field objectname='POLINE' attributename='VENDELIVERYDATE'>fr.petroineos.app.common.purchasing.FldPurDeliveryDateExt</field>
        <field objectname='WPMATERIAL' attributename='UNITCOST'>fr.petroineos.app.workorder.FldWpMatCostExt</field>
        <field objectname='PERSONGROUPTEAM' attributename='PERSONGROUP'>fr.petroineos.app.persongroup.FldPersonGroupExt</field>
        <field objectname='GENERATEWO' attributename='PMNUM'>fr.petroineos.app.measurement.FldGenerateWOPMNumExt</field>
        <field objectname='WORKORDER' attributename='OWNERGROUP'>fr.petroineos.app.workorder.FldWOOwnerGroupExt</field>
        <field objectname='WORKORDER' attributename='JPNUM'>fr.petroineos.plusg.app.workorder.PlusGFldWOJobPlanExt</field>
        <field objectname='PM' attributename='PERSONGROUP'>fr.petroineos.app.pm.FldPMPersonGroupExt</field>
        <field objectname='WPMATERIAL' attributename='ITEMNUM'>fr.petroineos.plusg.app.workorder.PlusGFldWPMaterialItemNumExt</field>
        <field objectname='WPMATERIAL' attributename='DIRECTREQ'>fr.petroineos.app.workorder.FldWpMatDirectReqExt</field>
        <field objectname='PRLINE' attributename='PRLINENUM'>fr.petroineos.plusg.app.pr.FldPRLinePRLineNumExt</field>
        <field objectname='PR' attributename='STATUS'>fr.petroineos.app.pr.FldPRStatusExt</field>
        <field objectname='MATRECTRANS' attributename='POLINENUM'>fr.petroineos.app.inventory.FldMatRecTransPoLineNumExt</field>
        <field objectname='WORKORDER' attributename='OWNER'>fr.petroineos.plusg.app.workorder.FldWOOwnerExt</field>
        <field objectname='PRLINE' attributename='ENTERBY'>fr.petroineos.app.common.purchasing.FldPurEnterByExt</field>
        <field objectname='RFQLINE' attributename='WONUM'>fr.petroineos.app.common.purchasing.FldPurWonumExt</field>
        <field objectname='POLINE' attributename='GLDEBITACCT'>fr.petroineos.app.common.purchasing.PlusGFldPurGLDebitAcctExt</field>
        <field objectname='PRLINE' attributename='REFWO'>fr.petroineos.app.common.purchasing.FldPurRefWOExt</field>
        <field objectname='MAXUSER' attributename='LOGINID'>fr.petroineos.app.signature.FldMaxUserLoginIDExt</field>
        <field objectname='FINCNTRL' attributename='FINCNTRLID'>fr.petroineos.app.financial.FldFinControlFincntrlId</field>
        <field objectname='MRLINE' attributename='LINETYPE'>fr.petroineos.app.mr.FldMRLineLineTypeExt</field>
        <field objectname='CHARTOFACCOUNTS' attributename='GLACCOUNT'>fr.petroineos.app.financial.FldChartOfAcctGLAcctExt</field>
        <field objectname='INVTRANS' attributename='GLDEBITACCT'>fr.petroineos.app.financial.FldInvTransGLDebitAcct</field>
        <field objectname='POLINE' attributename='STORELOC'>fr.petroineos.app.common.purchasing.FldPurStorelocExt</field>
        <field objectname='PRLINE' attributename='GLDEBITACCT'>fr.petroineos.app.common.purchasing.PlusGFldPurGLDebitAcctExt</field>
        <field objectname='WORKORDER' attributename='REPORTEDBY'>fr.petroineos.plusg.app.workorder.FldWOReportedByExt</field>
        <field objectname='MATUSETRANS' attributename='UNITCOST'>fr.petroineos.app.inventory.FldMatUseTransUnitCostExt</field>
        <field objectname='ITEM' attributename='IN21'>fr.petroineos.app.item.FldIN21TermExt</field>
        <field objectname='INVTRANS' attributename='ENTERBY'>fr.petroineos.app.inventory.FldInvTransEnterByExt</field>
        <field objectname='MEASUREPOINT' attributename='LLPMNUM'>fr.petroineos.app.measurement.FldMeasurePointPMNumExt</field>
        <field objectname='PRLINE' attributename='LINETYPE'>fr.petroineos.app.common.purchasing.FldPurLineTypeExt</field>
        <field objectname='LOCHIERARCHY' attributename='NEWPARENT'>fr.petroineos.plusg.app.location.FldLocHierarchyNewParentExt</field>
        <field objectname='JOBTASK' attributename='OWNER'>fr.petroineos.app.jobplan.FldJobTaskOwnerExt</field>
        <field objectname='WORKVIEW' attributename='OWNER'>fr.petroineos.plusg.app.ticket.FldWorkviewOwner</field>
        <field objectname='INVUSELINE' attributename='ENTERBY'>fr.petroineos.app.inventory.FldInvUseLineEnterByExt</field>
        <field objectname='INVUSELINE' attributename='WONUM'>fr.petroineos.app.inventory.FldInvUseLineWoNumExt</field>
        <field objectname='INVUSELINE' attributename='GLDEBITACCT'>fr.petroineos.app.financial.FldGLDebitAccount</field>
        <field objectname='PM' attributename='ASSIGNEDOWNERGROUP'>fr.petroineos.app.pm.FldPMOwnerExt</field>
        <field objectname='INVUSELINE' attributename='ITEMNUM'>fr.petroineos.app.inventory.FldInvUseLineItemNumExt</field>
        <field objectname='POLINE' attributename='WONUM'>fr.petroineos.app.common.purchasing.FldPurWonumExt</field>
        <field objectname='LOCHIERARCHY' attributename='PARENT'>fr.petroineos.plusg.app.location.FldLocHierarchyParentExt</field>
        <field objectname='WPMATERIAL' attributename='LOCATION'>fr.petroineos.app.workorder.FldWpMatLocationExt</field>
        <field objectname='FINCNTRL' attributename='TASKID'>fr.petroineos.app.financial.FldLavTaskId</field>
        <field objectname='WOACTIVITY' attributename='OWNER'>fr.petroineos.plusg.app.workorder.FldWOOwnerExt</field>
        <field objectname='PERSON' attributename='DEPARTMENT'>fr.petroineos.plusg.app.person.FldPersonDepartment</field>
        <field objectname='MATUSETRANS' attributename='ENTERBY'>fr.petroineos.app.inventory.FldMatUseTransEnterByExt</field>
        <field objectname='PR' attributename='VENDOR'>fr.petroineos.app.po.FldVendor</field>
        <field objectname='PRLINE' attributename='FINCNTRLID'>fr.petroineos.app.common.purchasing.FldFinCntrlIdExt</field>
        <field objectname='MATUSETRANS' attributename='ITEMNUM'>fr.petroineos.app.inventory.FldMatUseTransItemNumExt</field>
        <field objectname='POLINE' attributename='POLINENUM'>fr.petroineos.plusg.app.po.FldPOLinePOLineNumExt</field>
        <field objectname='PM' attributename='ASSETNUM'>fr.petroineos.app.pm.FldPMAssetnumExt</field>
        <field objectname='MR' attributename='WONUM'>fr.petroineos.app.mr.FldMRWonumExt</field>
        <field objectname='ISSUECURRENTITEM' attributename='GLDEBITACCT'>fr.petroineos.app.financial.FldGLDebitAccount</field>
        <field objectname='RECEIPTINPUT' attributename='COSTREQUESTED'>fr.petroineos.app.po.virtual.FldReceiptInputCostRequestedExt</field>
        <field objectname='ITEMORGINFO' attributename='CATEGORY'>fr.petroineos.app.item.FldItemOgCategory</field>
        <field objectname='SPHIMX_WO_PLANIFIE' attributename='ASSETNUM'>fr.petroineos.plusg.app.workorder.PlusGFldWOAssetNumExt2</field>
        <field objectname='SPHIMX_WO_PLANIFIE' attributename='FINCNTRLID'>fr.petroineos.app.arret.FldWOFinControlIDExt</field>
        <service servicename='LOCATION' >fr.petroineos.app.location.LocationServiceExt</service>
        <service servicename='PO' >fr.petroineos.app.po.POServiceExt</service>
        <service servicename='PR' >fr.petroineos.app.pr.PRServiceExt</service>
        <service servicename='REORDER' >fr.petroineos.app.inventory.ReorderServiceExt</service>
    </extensions>
</product>