<?xml version="1.0" encoding="UTF-8"?>
<!--
 * IBM Confidential
 *
 * OCO Source Materials
 *
 * @CODETOBEDEFINED
 *
 * (C) COPYRIGHT IBM CORP. 2012
 *
 * The source code for this program is not published or otherwise
 * divested of its trade secrets, irrespective of what has been
 * deposited with the U.S. Copyright Office.
 *
 -->
<component-registry basedir="webclient/components"
		xmlns:xsi="http://www.w3.org/2001/XMLSchema-instance"
		xsi:noNamespaceSchemaLocation='../component-registry.xsd'>



<component-descriptor name="tal_main">
		<property-list>
			<property name="jsp-filename">
				<default-value>../components/talan/sched/components/tal_planif_mc</default-value>
			</property>
			<property name="id">
				<flag name="final" />
			</property>
			<property name="visible">
				<default-value>true</default-value>
			</property>
			<property name="cssclass" />
			<property name="inputmode" />
			<property name="textcss" />
			<property name="defaultrender">
				<default-value>true</default-value>
			</property>
		</property-list>
	</component-descriptor>
</component-registry>
