<?xml version="1.0" encoding="UTF-8"?>
<!--
 * IBM Confidential
 *
 * OCO Source Materials
 *
 * @CODETOBEDEFINED
 *
 * (C) COPYRIGHT IBM CORP. 2012
 *
 * The source code for this program is not published or otherwise
 * divested of its trade secrets, irrespective of what has been
 * deposited with the U.S. Copyright Office.
 *
-->
<control-registry basedir="webclient/controls" package="psdi.webclient.controls"
		xsi:noNamespaceSchemaLocation='../control-registry.xsd'
		xmlns:xsi="http://www.w3.org/2001/XMLSchema-instance"
		xmlns:xsd="http://www.w3.org/2001/XMLSchema">
	<control-descriptor name="tal_main" descriptor-class="psdi.webclient.system.runtime.DatasrcDescriptor" instance-class="psdi.webclient.system.controller.DatasrcInstance">
		<property-list>
			<property name="beanclass">
				<flag name="nonconditional" />
			</property>
			<property name="border" />
			<property name="collapsed">
				<flag name="nonconditional" />
			</property>
			<property name="cssclass" />
			<property name="dataattribute">
				<flag name="final" />
			</property>
			<property name="datasrc">
				<flag name="nonconditional" />
				<flag name="global" />
			</property>
			<property name="debug">
				<flag name="global" />
			</property>
			<property name="defaultbutton" >
				<flag name="global" />
			</property>
			<property name="description">
				<flag name="translatable" />
			</property>
			<property name="display" type="xsd:boolean">
				<flag name="global" />
				<default-value>true</default-value>
			</property>
			<property name="emptyonclear">
				<flag name="nonconditional" />
				<flag name="final" />
			</property>
			<property name="ermrelationship">
				<flag name="nonconditional" />
			</property>
			<property name="height" />
			<property name="id">
				<flag name="final" />
			</property>
			<property name="inputmode">
				<flag name="global" />
			</property>
			<property name="insertable" />
			<property name="label">
				<flag name="translatable" />
			</property>
			<property name="labelcss" />
			<property name="mboname">
				<flag name="nonconditional" />
			</property>
			<property name="ondatachange" />
			<property name="orderby" />
			<property name="parentdatasrc">
				<flag name="final" />
				<flag name="nonconditional" />
			</property>
			<property name="parentemptylabel">
				<flag name="translatable" />
			</property>
			<property name="parentmbo" />
			<property name="relationship">
				<flag name="nonconditional" />
			</property>
			<property name="sigoption">
				<flag name="nonconditional" />
				<flag name="final" />
			</property>
			<property name="sigoptiondatasrc">
				<flag name="nonconditional" />
				<flag name="final" />
			</property>
			<property name="style" />
			<property name="textcss">
				<flag name="global" />
				<flag name="final" />
				<default-value>text</default-value>
			</property>
			<property name="whereclause" />
			<property name="width" />
			<property name="inlisttab">
				<flag name="system" />
			</property>
		</property-list>
		<component-list>
			<components id="${name}_components_v" layout="vertical">
				<components id="${name}_components_h" layout="horizontal">
					<tal_main id="${name}_gantt" labelcss="@{labelcss}" title="@{label}" textcss="@{textcss}" />
				</components>
			</components>
		</component-list>
		<containers>
			<container name="dialog" />
			<container name="section" />
			<container name="sectioncol" />
			<container name="tab" />
		</containers>
	</control-descriptor>
</control-registry>
